Number,UPC,EAN,Description
1,662578211273,0662578211273,
2,662578211280,0662578211280,
3,662578211297,0662578211297,
4,662578211303,0662578211303,
5,662578211310,0662578211310,
6,662578211327,0662578211327,
7,662578211334,0662578211334,
8,662578211341,0662578211341,
9,662578211358,0662578211358,
10,662578211365,0662578211365,
11,662578211372,0662578211372,
12,662578211389,0662578211389,
13,662578211396,0662578211396,
14,662578211402,0662578211402,
15,662578211419,0662578211419,
16,662578211426,0662578211426,
17,662578211433,0662578211433,
18,662578211440,0662578211440,
19,662578211457,0662578211457,
20,662578211464,0662578211464,
21,662578211471,0662578211471,
22,662578211488,0662578211488,
23,662578211495,0662578211495,
24,662578211501,0662578211501,
25,662578211518,0662578211518,
26,662578211525,0662578211525,
27,662578211532,0662578211532,
28,662578211549,0662578211549,
29,662578211556,0662578211556,
30,662578211563,0662578211563,
31,662578211570,0662578211570,
32,662578211587,0662578211587,
33,662578211594,0662578211594,
34,662578211600,0662578211600,
35,662578211617,0662578211617,
36,662578211624,0662578211624,
37,662578211631,0662578211631,
38,662578211648,0662578211648,
39,662578211655,0662578211655,
40,662578211662,0662578211662,
41,662578211679,0662578211679,
42,662578211686,0662578211686,
43,662578211693,0662578211693,
44,662578211709,0662578211709,
45,662578211716,0662578211716,
46,662578211723,0662578211723,
47,662578211730,0662578211730,
48,662578211747,0662578211747,
49,662578211754,0662578211754,
50,662578211761,0662578211761,
51,662578211778,0662578211778,
52,662578211785,0662578211785,
53,662578211792,0662578211792,
54,662578211808,0662578211808,
55,662578211815,0662578211815,
56,662578211822,0662578211822,
57,662578211839,0662578211839,
58,662578211846,0662578211846,
59,662578211853,0662578211853,
60,662578211860,0662578211860,
61,662578211877,0662578211877,
62,662578211884,0662578211884,
63,662578211891,0662578211891,
64,662578211907,0662578211907,
65,662578211914,0662578211914,
66,662578211921,0662578211921,
67,662578211938,0662578211938,
68,662578211945,0662578211945,
69,662578211952,0662578211952,
70,662578211969,0662578211969,
71,662578211976,0662578211976,
72,662578211983,0662578211983,
73,662578211990,0662578211990,
74,662578212003,0662578212003,
75,662578212010,0662578212010,
76,662578212027,0662578212027,
77,662578212034,0662578212034,
78,662578212041,0662578212041,
79,662578212058,0662578212058,
80,662578212065,0662578212065,
81,662578212072,0662578212072,
82,662578212089,0662578212089,
83,662578212096,0662578212096,
84,662578212102,0662578212102,
85,662578212119,0662578212119,
86,662578212126,0662578212126,
87,662578212133,0662578212133,
88,662578212140,0662578212140,
89,662578212157,0662578212157,
90,662578212164,0662578212164,
91,662578212171,0662578212171,
92,662578212188,0662578212188,
93,662578212195,0662578212195,
94,662578212201,0662578212201,
95,662578212218,0662578212218,
96,662578212225,0662578212225,
97,662578212232,0662578212232,
98,662578212249,0662578212249,
99,662578212256,0662578212256,
100,662578212263,0662578212263,
101,662578212270,0662578212270,
102,662578212287,0662578212287,
103,662578212294,0662578212294,
104,662578212300,0662578212300,
105,662578212317,0662578212317,
106,662578212324,0662578212324,
107,662578212331,0662578212331,
108,662578212348,0662578212348,
109,662578212355,0662578212355,
110,662578212362,0662578212362,
111,662578212379,0662578212379,
112,662578212386,0662578212386,
113,662578212393,0662578212393,
114,662578212409,0662578212409,
115,662578212416,0662578212416,
116,662578212423,0662578212423,
117,662578212430,0662578212430,
118,662578212447,0662578212447,
119,662578212454,0662578212454,
120,662578212461,0662578212461,
121,662578212478,0662578212478,
122,662578212485,0662578212485,
123,662578212492,0662578212492,
124,662578212508,0662578212508,
125,662578212515,0662578212515,
126,662578212522,0662578212522,
127,662578212539,0662578212539,
128,662578212546,0662578212546,
129,662578212553,0662578212553,
130,662578212560,0662578212560,
131,662578212577,0662578212577,
132,662578212584,0662578212584,
133,662578212591,0662578212591,
134,662578212607,0662578212607,
135,662578212614,0662578212614,
136,662578212621,0662578212621,
137,662578212638,0662578212638,
138,662578212645,0662578212645,
139,662578212652,0662578212652,
140,662578212669,0662578212669,
141,662578212676,0662578212676,
142,662578212683,0662578212683,
143,662578212690,0662578212690,
144,662578212706,0662578212706,
145,662578212713,0662578212713,
146,662578212720,0662578212720,
147,662578212737,0662578212737,
148,662578212744,0662578212744,
149,662578212751,0662578212751,
150,662578212768,0662578212768,
151,662578212775,0662578212775,
152,662578212782,0662578212782,
153,662578212799,0662578212799,
154,662578212805,0662578212805,
155,662578212812,0662578212812,
156,662578212829,0662578212829,
157,662578212836,0662578212836,
158,662578212843,0662578212843,
159,662578212850,0662578212850,
160,662578212867,0662578212867,
161,662578212874,0662578212874,
162,662578212881,0662578212881,
163,662578212898,0662578212898,
164,662578212904,0662578212904,
165,662578212911,0662578212911,
166,662578212928,0662578212928,
167,662578212935,0662578212935,
168,662578212942,0662578212942,
169,662578212959,0662578212959,
170,662578212966,0662578212966,
171,662578212973,0662578212973,
172,662578212980,0662578212980,
173,662578212997,0662578212997,
174,662578213000,0662578213000,
175,662578213017,0662578213017,
176,662578213024,0662578213024,
177,662578213031,0662578213031,
178,662578213048,0662578213048,
179,662578213055,0662578213055,
180,662578213062,0662578213062,
181,662578213079,0662578213079,
182,662578213086,0662578213086,
183,662578213093,0662578213093,
184,662578213109,0662578213109,
185,662578213116,0662578213116,
186,662578213123,0662578213123,
187,662578213130,0662578213130,
188,662578213147,0662578213147,
189,662578213154,0662578213154,
190,662578213161,0662578213161,
191,662578213178,0662578213178,
192,662578213185,0662578213185,
193,662578213192,0662578213192,
194,662578213208,0662578213208,
195,662578213215,0662578213215,
196,662578213222,0662578213222,
197,662578213239,0662578213239,
198,662578213246,0662578213246,
199,662578213253,0662578213253,
200,662578213260,0662578213260,
201,662578213277,0662578213277,
202,662578213284,0662578213284,
203,662578213291,0662578213291,
204,662578213307,0662578213307,
205,662578213314,0662578213314,
206,662578213321,0662578213321,
207,662578213338,0662578213338,
208,662578213345,0662578213345,
209,662578213352,0662578213352,
210,662578213369,0662578213369,
211,662578213376,0662578213376,
212,662578213383,0662578213383,
213,662578213390,0662578213390,
214,662578213406,0662578213406,
215,662578213413,0662578213413,
216,662578213420,0662578213420,
217,662578213437,0662578213437,
218,662578213444,0662578213444,
219,662578213451,0662578213451,
220,662578213468,0662578213468,
221,662578213475,0662578213475,
222,662578213482,0662578213482,
223,662578213499,0662578213499,
224,662578213505,0662578213505,
225,662578213512,0662578213512,
226,662578213529,0662578213529,
227,662578213536,0662578213536,
228,662578213543,0662578213543,
229,662578213550,0662578213550,
230,662578213567,0662578213567,
231,662578213574,0662578213574,
232,662578213581,0662578213581,
233,662578213598,0662578213598,
234,662578213604,0662578213604,
235,662578213611,0662578213611,
236,662578213628,0662578213628,
237,662578213635,0662578213635,
238,662578213642,0662578213642,
239,662578213659,0662578213659,
240,662578213666,0662578213666,
241,662578213673,0662578213673,
242,662578213680,0662578213680,
243,662578213697,0662578213697,
244,662578213703,0662578213703,
245,662578213710,0662578213710,
246,662578213727,0662578213727,
247,662578213734,0662578213734,
248,662578213741,0662578213741,
249,662578213758,0662578213758,
250,662578213765,0662578213765,
251,662578213772,0662578213772,
252,662578213789,0662578213789,
253,662578213796,0662578213796,
254,662578213802,0662578213802,
255,662578213819,0662578213819,
256,662578213826,0662578213826,
257,662578213833,0662578213833,
258,662578213840,0662578213840,
259,662578213857,0662578213857,
260,662578213864,0662578213864,
261,662578213871,0662578213871,
262,662578213888,0662578213888,
263,662578213895,0662578213895,
264,662578213901,0662578213901,
265,662578213918,0662578213918,
266,662578213925,0662578213925,
267,662578213932,0662578213932,
268,662578213949,0662578213949,
269,662578213956,0662578213956,
270,662578213963,0662578213963,
271,662578213970,0662578213970,
272,662578213987,0662578213987,
273,662578213994,0662578213994,
274,662578214007,0662578214007,
275,662578214014,0662578214014,
276,662578214021,0662578214021,
277,662578214038,0662578214038,
278,662578214045,0662578214045,
279,662578214052,0662578214052,
280,662578214069,0662578214069,
281,662578214076,0662578214076,
282,662578214083,0662578214083,
283,662578214090,0662578214090,
284,662578214106,0662578214106,
285,662578214113,0662578214113,
286,662578214120,0662578214120,
287,662578214137,0662578214137,
288,662578214144,0662578214144,
289,662578214151,0662578214151,
290,662578214168,0662578214168,
291,662578214175,0662578214175,
292,662578214182,0662578214182,
293,662578214199,0662578214199,
294,662578214205,0662578214205,
295,662578214212,0662578214212,
296,662578214229,0662578214229,
297,662578214236,0662578214236,
298,662578214243,0662578214243,
299,662578214250,0662578214250,
300,662578214267,0662578214267,
301,662578214274,0662578214274,
302,662578214281,0662578214281,
303,662578214298,0662578214298,
304,662578214304,0662578214304,
305,662578214311,0662578214311,
306,662578214328,0662578214328,
307,662578214335,0662578214335,
308,662578214342,0662578214342,
309,662578214359,0662578214359,
310,662578214366,0662578214366,
311,662578214373,0662578214373,
312,662578214380,0662578214380,
313,662578214397,0662578214397,
314,662578214403,0662578214403,
315,662578214410,0662578214410,
316,662578214427,0662578214427,
317,662578214434,0662578214434,
318,662578214441,0662578214441,
319,662578214458,0662578214458,
320,662578214465,0662578214465,
321,662578214472,0662578214472,
322,662578214489,0662578214489,
323,662578214496,0662578214496,
324,662578214502,0662578214502,
325,662578214519,0662578214519,
326,662578214526,0662578214526,
327,662578214533,0662578214533,
328,662578214540,0662578214540,
329,662578214557,0662578214557,
330,662578214564,0662578214564,
331,662578214571,0662578214571,
332,662578214588,0662578214588,
333,662578214595,0662578214595,
334,662578214601,0662578214601,
335,662578214618,0662578214618,
336,662578214625,0662578214625,
337,662578214632,0662578214632,
338,662578214649,0662578214649,
339,662578214656,0662578214656,
340,662578214663,0662578214663,
341,662578214670,0662578214670,
342,662578214687,0662578214687,
343,662578214694,0662578214694,
344,662578214700,0662578214700,
345,662578214717,0662578214717,
346,662578214724,0662578214724,
347,662578214731,0662578214731,
348,662578214748,0662578214748,
349,662578214755,0662578214755,
350,662578214762,0662578214762,
351,662578214779,0662578214779,
352,662578214786,0662578214786,
353,662578214793,0662578214793,
354,662578214809,0662578214809,
355,662578214816,0662578214816,
356,662578214823,0662578214823,
357,662578214830,0662578214830,
358,662578214847,0662578214847,
359,662578214854,0662578214854,
360,662578214861,0662578214861,
361,662578214878,0662578214878,
362,662578214885,0662578214885,
363,662578214892,0662578214892,
364,662578214908,0662578214908,
365,662578214915,0662578214915,
366,662578214922,0662578214922,
367,662578214939,0662578214939,
368,662578214946,0662578214946,
369,662578214953,0662578214953,
370,662578214960,0662578214960,
371,662578214977,0662578214977,
372,662578214984,0662578214984,
373,662578214991,0662578214991,
374,662578215004,0662578215004,
375,662578215011,0662578215011,
376,662578215028,0662578215028,
377,662578215035,0662578215035,
378,662578215042,0662578215042,
379,662578215059,0662578215059,
380,662578215066,0662578215066,
381,662578215073,0662578215073,
382,662578215080,0662578215080,
383,662578215097,0662578215097,
384,662578215103,0662578215103,
385,662578215110,0662578215110,
386,662578215127,0662578215127,
387,662578215134,0662578215134,
388,662578215141,0662578215141,
389,662578215158,0662578215158,
390,662578215165,0662578215165,
391,662578215172,0662578215172,
392,662578215189,0662578215189,
393,662578215196,0662578215196,
394,662578215202,0662578215202,
395,662578215219,0662578215219,
396,662578215226,0662578215226,
397,662578215233,0662578215233,
398,662578215240,0662578215240,
399,662578215257,0662578215257,
400,662578215264,0662578215264,
401,662578215271,0662578215271,
402,662578215288,0662578215288,
403,662578215295,0662578215295,
404,662578215301,0662578215301,
405,662578215318,0662578215318,
406,662578215325,0662578215325,
407,662578215332,0662578215332,
408,662578215349,0662578215349,
409,662578215356,0662578215356,
410,662578215363,0662578215363,
411,662578215370,0662578215370,
412,662578215387,0662578215387,
413,662578215394,0662578215394,
414,662578215400,0662578215400,
415,662578215417,0662578215417,
416,662578215424,0662578215424,
417,662578215431,0662578215431,
418,662578215448,0662578215448,
419,662578215455,0662578215455,
420,662578215462,0662578215462,
421,662578215479,0662578215479,
422,662578215486,0662578215486,
423,662578215493,0662578215493,
424,662578215509,0662578215509,
425,662578215516,0662578215516,
426,662578215523,0662578215523,
427,662578215530,0662578215530,
428,662578215547,0662578215547,
429,662578215554,0662578215554,
430,662578215561,0662578215561,
431,662578215578,0662578215578,
432,662578215585,0662578215585,
433,662578215592,0662578215592,
434,662578215608,0662578215608,
435,662578215615,0662578215615,
436,662578215622,0662578215622,
437,662578215639,0662578215639,
438,662578215646,0662578215646,
439,662578215653,0662578215653,
440,662578215660,0662578215660,
441,662578215677,0662578215677,
442,662578215684,0662578215684,
443,662578215691,0662578215691,
444,662578215707,0662578215707,
445,662578215714,0662578215714,
446,662578215721,0662578215721,
447,662578215738,0662578215738,
448,662578215745,0662578215745,
449,662578215752,0662578215752,
450,662578215769,0662578215769,
451,662578215776,0662578215776,
452,662578215783,0662578215783,
453,662578215790,0662578215790,
454,662578215806,0662578215806,
455,662578215813,0662578215813,
456,662578215820,0662578215820,
457,662578215837,0662578215837,
458,662578215844,0662578215844,
459,662578215851,0662578215851,
460,662578215868,0662578215868,
461,662578215875,0662578215875,
462,662578215882,0662578215882,
463,662578215899,0662578215899,
464,662578215905,0662578215905,
465,662578215912,0662578215912,
466,662578215929,0662578215929,
467,662578215936,0662578215936,
468,662578215943,0662578215943,
469,662578215950,0662578215950,
470,662578215967,0662578215967,
471,662578215974,0662578215974,
472,662578215981,0662578215981,
473,662578215998,0662578215998,
474,662578216001,0662578216001,
475,662578216018,0662578216018,
476,662578216025,0662578216025,
477,662578216032,0662578216032,
478,662578216049,0662578216049,
479,662578216056,0662578216056,
480,662578216063,0662578216063,
481,662578216070,0662578216070,
482,662578216087,0662578216087,
483,662578216094,0662578216094,
484,662578216100,0662578216100,
485,662578216117,0662578216117,
486,662578216124,0662578216124,
487,662578216131,0662578216131,
488,662578216148,0662578216148,
489,662578216155,0662578216155,
490,662578216162,0662578216162,
491,662578216179,0662578216179,
492,662578216186,0662578216186,
493,662578216193,0662578216193,
494,662578216209,0662578216209,
495,662578216216,0662578216216,
496,662578216223,0662578216223,
497,662578216230,0662578216230,
498,662578216247,0662578216247,
499,662578216254,0662578216254,
500,662578216261,0662578216261,
501,662578216278,0662578216278,
502,662578216285,0662578216285,
503,662578216292,0662578216292,
504,662578216308,0662578216308,
505,662578216315,0662578216315,
506,662578216322,0662578216322,
507,662578216339,0662578216339,
508,662578216346,0662578216346,
509,662578216353,0662578216353,
510,662578216360,0662578216360,
511,662578216377,0662578216377,
512,662578216384,0662578216384,
513,662578216391,0662578216391,
514,662578216407,0662578216407,
515,662578216414,0662578216414,
516,662578216421,0662578216421,
517,662578216438,0662578216438,
518,662578216445,0662578216445,
519,662578216452,0662578216452,
520,662578216469,0662578216469,
521,662578216476,0662578216476,
522,662578216483,0662578216483,
523,662578216490,0662578216490,
524,662578216506,0662578216506,
525,662578216513,0662578216513,
526,662578216520,0662578216520,
527,662578216537,0662578216537,
528,662578216544,0662578216544,
529,662578216551,0662578216551,
530,662578216568,0662578216568,
531,662578216575,0662578216575,
532,662578216582,0662578216582,
533,662578216599,0662578216599,
534,662578216605,0662578216605,
535,662578216612,0662578216612,
536,662578216629,0662578216629,
537,662578216636,0662578216636,
538,662578216643,0662578216643,
539,662578216650,0662578216650,
540,662578216667,0662578216667,
541,662578216674,0662578216674,
542,662578216681,0662578216681,
543,662578216698,0662578216698,
544,662578216704,0662578216704,
545,662578216711,0662578216711,
546,662578216728,0662578216728,
547,662578216735,0662578216735,
548,662578216742,0662578216742,
549,662578216759,0662578216759,
550,662578216766,0662578216766,
551,662578216773,0662578216773,
552,662578216780,0662578216780,
553,662578216797,0662578216797,
554,662578216803,0662578216803,
555,662578216810,0662578216810,
556,662578216827,0662578216827,
557,662578216834,0662578216834,
558,662578216841,0662578216841,
559,662578216858,0662578216858,
560,662578216865,0662578216865,
561,662578216872,0662578216872,
562,662578216889,0662578216889,
563,662578216896,0662578216896,
564,662578216902,0662578216902,
565,662578216919,0662578216919,
566,662578216926,0662578216926,
567,662578216933,0662578216933,
568,662578216940,0662578216940,
569,662578216957,0662578216957,
570,662578216964,0662578216964,
571,662578216971,0662578216971,
572,662578216988,0662578216988,
573,662578216995,0662578216995,
574,662578217008,0662578217008,
575,662578217015,0662578217015,
576,662578217022,0662578217022,
577,662578217039,0662578217039,
578,662578217046,0662578217046,
579,662578217053,0662578217053,
580,662578217060,0662578217060,
581,662578217077,0662578217077,
582,662578217084,0662578217084,
583,662578217091,0662578217091,
584,662578217107,0662578217107,
585,662578217114,0662578217114,
586,662578217121,0662578217121,
587,662578217138,0662578217138,
588,662578217145,0662578217145,
589,662578217152,0662578217152,
590,662578217169,0662578217169,
591,662578217176,0662578217176,
592,662578217183,0662578217183,
593,662578217190,0662578217190,
594,662578217206,0662578217206,
595,662578217213,0662578217213,
596,662578217220,0662578217220,
597,662578217237,0662578217237,
598,662578217244,0662578217244,
599,662578217251,0662578217251,
600,662578217268,0662578217268,
601,662578217275,0662578217275,
602,662578217282,0662578217282,
603,662578217299,0662578217299,
604,662578217305,0662578217305,
605,662578217312,0662578217312,
606,662578217329,0662578217329,
607,662578217336,0662578217336,
608,662578217343,0662578217343,
609,662578217350,0662578217350,
610,662578217367,0662578217367,
611,662578217374,0662578217374,
612,662578217381,0662578217381,
613,662578217398,0662578217398,
614,662578217404,0662578217404,
615,662578217411,0662578217411,
616,662578217428,0662578217428,
617,662578217435,0662578217435,
618,662578217442,0662578217442,
619,662578217459,0662578217459,
620,662578217466,0662578217466,
621,662578217473,0662578217473,
622,662578217480,0662578217480,
623,662578217497,0662578217497,
624,662578217503,0662578217503,
625,662578217510,0662578217510,
626,662578217527,0662578217527,
627,662578217534,0662578217534,
628,662578217541,0662578217541,
629,662578217558,0662578217558,
630,662578217565,0662578217565,
631,662578217572,0662578217572,
632,662578217589,0662578217589,
633,662578217596,0662578217596,
634,662578217602,0662578217602,
635,662578217619,0662578217619,
636,662578217626,0662578217626,
637,662578217633,0662578217633,
638,662578217640,0662578217640,
639,662578217657,0662578217657,
640,662578217664,0662578217664,
641,662578217671,0662578217671,
642,662578217688,0662578217688,
643,662578217695,0662578217695,
644,662578217701,0662578217701,
645,662578217718,0662578217718,
646,662578217725,0662578217725,
647,662578217732,0662578217732,
648,662578217749,0662578217749,
649,662578217756,0662578217756,
650,662578217763,0662578217763,
651,662578217770,0662578217770,
652,662578217787,0662578217787,
653,662578217794,0662578217794,
654,662578217800,0662578217800,
655,662578217817,0662578217817,
656,662578217824,0662578217824,
657,662578217831,0662578217831,
658,662578217848,0662578217848,
659,662578217855,0662578217855,
660,662578217862,0662578217862,
661,662578217879,0662578217879,
662,662578217886,0662578217886,
663,662578217893,0662578217893,
664,662578217909,0662578217909,
665,662578217916,0662578217916,
666,662578217923,0662578217923,
667,662578217930,0662578217930,
668,662578217947,0662578217947,
669,662578217954,0662578217954,
670,662578217961,0662578217961,
671,662578217978,0662578217978,
672,662578217985,0662578217985,
673,662578217992,0662578217992,
674,662578218005,0662578218005,
675,662578218012,0662578218012,
676,662578218029,0662578218029,
677,662578218036,0662578218036,
678,662578218043,0662578218043,
679,662578218050,0662578218050,
680,662578218067,0662578218067,
681,662578218074,0662578218074,
682,662578218081,0662578218081,
683,662578218098,0662578218098,
684,662578218104,0662578218104,
685,662578218111,0662578218111,
686,662578218128,0662578218128,
687,662578218135,0662578218135,
688,662578218142,0662578218142,
689,662578218159,0662578218159,
690,662578218166,0662578218166,
691,662578218173,0662578218173,
692,662578218180,0662578218180,
693,662578218197,0662578218197,
694,662578218203,0662578218203,
695,662578218210,0662578218210,
696,662578218227,0662578218227,
697,662578218234,0662578218234,
698,662578218241,0662578218241,
699,662578218258,0662578218258,
700,662578218265,0662578218265,
701,662578218272,0662578218272,
702,662578218289,0662578218289,
703,662578218296,0662578218296,
704,662578218302,0662578218302,
705,662578218319,0662578218319,
706,662578218326,0662578218326,
707,662578218333,0662578218333,
708,662578218340,0662578218340,
709,662578218357,0662578218357,
710,662578218364,0662578218364,
711,662578218371,0662578218371,
712,662578218388,0662578218388,
713,662578218395,0662578218395,
714,662578218401,0662578218401,
715,662578218418,0662578218418,
716,662578218425,0662578218425,
717,662578218432,0662578218432,
718,662578218449,0662578218449,
719,662578218456,0662578218456,
720,662578218463,0662578218463,
721,662578218470,0662578218470,
722,662578218487,0662578218487,
723,662578218494,0662578218494,
724,662578218500,0662578218500,
725,662578218517,0662578218517,
726,662578218524,0662578218524,
727,662578218531,0662578218531,
728,662578218548,0662578218548,
729,662578218555,0662578218555,
730,662578218562,0662578218562,
731,662578218579,0662578218579,
732,662578218586,0662578218586,
733,662578218593,0662578218593,
734,662578218609,0662578218609,
735,662578218616,0662578218616,
736,662578218623,0662578218623,
737,662578218630,0662578218630,
738,662578218647,0662578218647,
739,662578218654,0662578218654,
740,662578218661,0662578218661,
741,662578218678,0662578218678,
742,662578218685,0662578218685,
743,662578218692,0662578218692,
744,662578218708,0662578218708,
745,662578218715,0662578218715,
746,662578218722,0662578218722,
747,662578218739,0662578218739,
748,662578218746,0662578218746,
749,662578218753,0662578218753,
750,662578218760,0662578218760,
751,662578218777,0662578218777,
752,662578218784,0662578218784,
753,662578218791,0662578218791,
754,662578218807,0662578218807,
755,662578218814,0662578218814,
756,662578218821,0662578218821,
757,662578218838,0662578218838,
758,662578218845,0662578218845,
759,662578218852,0662578218852,
760,662578218869,0662578218869,
761,662578218876,0662578218876,
762,662578218883,0662578218883,
763,662578218890,0662578218890,
764,662578218906,0662578218906,
765,662578218913,0662578218913,
766,662578218920,0662578218920,
767,662578218937,0662578218937,
768,662578218944,0662578218944,
769,662578218951,0662578218951,
770,662578218968,0662578218968,
771,662578218975,0662578218975,
772,662578218982,0662578218982,
773,662578218999,0662578218999,
774,662578219002,0662578219002,
775,662578219019,0662578219019,
776,662578219026,0662578219026,
777,662578219033,0662578219033,
778,662578219040,0662578219040,
779,662578219057,0662578219057,
780,662578219064,0662578219064,
781,662578219071,0662578219071,
782,662578219088,0662578219088,
783,662578219095,0662578219095,
784,662578219101,0662578219101,
785,662578219118,0662578219118,
786,662578209652,,
787,662578209829,,
788,662578209669,,
789,662578209676,,
790,662578209836,,
791,662578209683,,
792,662578209690,,
793,662578209850,,
794,662578209706,,
795,662578209713,,
796,662578209843,,
797,662578209720,,